Range_Start,Range_End,Time_Taken
Range_Start,Range_End,Time_Taken
Range_Start,Range_End,Time_Taken
Range_Start,Range_End,Time_Taken
Range_Start,Range_End,Time_Taken
1000,10000,0.001022
Range_Start,Range_End,Time_Taken
1000,10000,0.001022
Range_Start,Range_End,Time_Taken
1000,10000,0.001022
Range_Start,Range_End,Time_Taken
1000,10000,0.001022
Range_Start,Range_End,Time_Taken
1000,10000,0.001022
50000,100000,0.002588
Range_Start,Range_End,Time_Taken
1000,10000,0.001022
50000,100000,0.002588
Range_Start,Range_End,Time_Taken
1000,10000,0.001022
50000,100000,0.002588
Range_Start,Range_End,Time_Taken
1000,10000,0.001022
50000,100000,0.002588
Range_Start,Range_End,Time_Taken
1000,10000,0.001022
50000,100000,0.002588
100000,200000,0.006283
